用户,是否看过,五星评分,评论时间,有用数,评论内容
小A,看过,还行,2018-05-14 15:41:41,1416,我很努力试图去同情人物，还是没法同情他们。情节很cheap，直白生硬，全片无一处情感发自创作者肺腑。可恨之人有可怜之处，如果可恨可怜都写得不充分，人物怎么立得住呢？是枝裕和最近作品太多，应该好好休息积累一下，一年三熟的水稻再好吃也比不上一年一熟的。
凌睿,看过,力荐,2018-08-02 10:33:17,9037,或是被第三者插足，或是不受父母待见，或是被辞退，或是父母根本不想把Ta生下来……这群被抛弃的人们，却共同组成了最温馨、最和睦、最融洽、最可爱的家庭。他们或是失业，或是工伤，或是以偷窃维持生计，或是在风俗店工作，他们生活在社会的最底层，他们缺少物质财富，精神生活却无比充实。他们每个人之间都没有血缘关系，但每个人都比原来的家庭过得更加快乐。结婚不意味着幸福，被丈夫抛弃也能子孙满堂；生了孩子不一定就是母亲，没有生育能力也可以给予母爱。柴田治以为什么都教不了孩子，却教会了他什么叫青春期。亚纪远离了富有的家庭，因为4号先生的肩膀更让她感到温暖。由里遭到亲生父母虐待，却有一位素不相识的人愿意以失去工作的代价保护她。富有富的活法，穷有穷的活法。我们在丰衣足食中颓废度日，他们在贫困交加中感受大爱无疆。
西楼尘,看过,推荐,2018-07-02 17:32:29,20038,最费力的成长留在树上的只有壳，最狰狞的伤口留在皮肤的只有疤。最动人的烟火绽在空中看不到，最深沉的感谢飘进风中听不清。你教我食物最美味的吃法，却教我获得食物最羞耻的手法；我学会祈祷最灵验的手势，也学会用来祈祷最不齿的心愿。我在商店里偷换掉童年，你在泥土里掩埋了伤疤，而我们组成了家。
咯咯精,看过,推荐,2018-05-14 19:31:33,4336,如果说爱你，还打你，那一定是说谎；如果爱你，就会像安藤樱一样紧紧抱住你。（沉溺于安藤樱的美色无法自拔
九只苍蝇撞墙,看过,力荐,2018-06-11 21:22:12,4562,那些说是枝一直致敬小津的人可以歇歇了。这次他拍了部让小津最深恶痛绝的今村昌平式的蛆虫电影。在瓦解冷漠虚伪的传统家庭概念的同时，他呈现了萍水相逢的蛆虫之间可以有怎样真挚动情的爱。一部以弱者的温和善意与牺牲精神挑战人类道德伦理制度上限的无政府理想主义之作。
姨妈的鸭,看过,推荐,2018-06-23 12:34:42,4151,比起放下手机，这本电影在观影时需要观众做的第一步是：放下三观。
OhBoyDaily,看过,力荐,2018-08-03 10:17:40,3405,安藤樱那场在警察局双手不停抹眼泪的戏，演技大爆炸，可以说是年度最佳哭戏！
Lycidas,看过,力荐,2018-08-03 21:59:46,2159,可惜全部的一点点真心，都只能无声地说给自己听。
水怪,看过,力荐,2018-05-20 03:15:01,1777,有援交和啪啪戏，希望局里不要一叶障目，淫者见淫啊。不知内地哪家片商买了，棕榈叶至少增量两千万票房。情绪感染到位，收尾看哭全场。尽管都是被社会遗弃的多余之人，依然还是要努力生活呀。
艾晨,看过,力荐,2018-08-02 11:11:17,1571,电影节给了4星，点映二刷改五星。删减只影响心情，不影响剧情。这是一部看着温情，实则让人绝望的电影。六个人，包含人生各个阶段，小女孩也许就是他们的过去，老奶奶也许就是他们的未来。你说这个世界会好吗？这些人从生到死，无人知晓；被弃苟活，步履不停。临时的家人组成羁绊，相互取暖；真正的至亲者却活在谎言之中，不闻不问。就是这样一种“陌路虽有爱，亲者皆祸害”的循环让你心寒至极。
木卫二,看过,力荐,2018-05-31 22:04:29,959,相比“小偷家族”，更像“是枝宇宙”。这不是玩笑，一出从《无人知晓》到《第三次杀人》的总结表彰，你可以在任意一个角色（小朋友），一句台词（羁绊or选择成为父亲），一个场景（看烟花与海滩嬉戏），看到其他作品影子。最有趣的体验，大概是不同演员的组合，以及被隐匿的人物过往和秘密。
喵尔摩丝,看过,力荐,2018-05-14 17:34:14,1051,萍水相逢，尽是他乡之客。是枝裕和依旧乐于探讨血缘与亲情究竟有没有必然联系。所谓小偷家族，偷的不止是能填饱肚子的食物，更是一种能够让灵魂产生幸福错觉的情感羁绊。偷生能不能叫偷？如果叫，那我们每个人，或许都是小偷家族的一员。中川雅也追车看得我哭晕，在海边抽了两根烟都没回过神。
frozenmoon,看过,推荐,2018-08-03 13:16:57,883,这家庭成员的关系如此戏剧又如此恬淡。奶奶一边说，血缘真是挣不破啊，一边看着海边毫无血缘关系的“家人”快乐的玩耍，家庭的意义、基础、决定性的根底到底是什么呢？镜头下没有高楼大厦、流光溢彩，一群人鼠蚁般生活在逼仄的房间里，冬天瑟瑟发抖，夏天汗水岑岑，吃偷来的食物，用偷来的香波。温暖来自于哪里？援交客人的拥抱和眼泪，教孩子叫自己一声爸爸，一家人齐整地在屋檐下仰望烟花，一座座小小孤岛连得成大陆吗？他们一家的生活几乎完全屏蔽于正常世界之外，但那所谓正常世界又真的是正常的吗？这里没有社会批判，它早已超越了这些无聊的社会性政治性议题，只探究人心。男人躺在那里吊儿郎当地开玩笑说，我们的心连在一起。哦，这才是家庭的根基对吧？
桃桃淘电影,看过,推荐,2018-05-14 07:13:13,908,仍是是枝裕和的家庭剧套路。不过，因为这次的家庭关系更加特殊，也更多了些温情。同时，还融入了更多的社会关注，让影片更有深意。几个角色散发出的主要情绪都是：暖。一个特别暖、特别温情的故事，背后又暗藏伤感与残酷，如《无人知晓》，小朋友们仍然表现出色。安藤樱在这里超性感啊！当然，也超有戏
齐木楠雄,看过,还行,2018-08-03 17:29:13,212,三星都给两个小演员，很灵很可爱，一句在家里没法学习的孩子才去学校，真让人心疼。除了树里是被救的，祥太真的不是被诱拐的吗？还有亚纪的妹妹跟父母关系很好啊，亚纪离开家他父母不闻不问是合理的吗？祥太住院全家要跑路又是什么鬼？丢下一个孩子跑掉……这羁绊也不像他们说的那么深啊……
陆支羽,看过,推荐,2018-06-24 10:21:44,609,4.5。1.比血缘更重要的羁绊，是爱。2.听得见烟火的房间，看得见大海的弹球，已然是命运最大的馈赠；娓娓道来、含而不露的认真，是注定看不腻的是枝裕和。 3.谢谢你们了！那些说不出口的话最动人，而伤疤是联结彼此的纽带。4.安藤樱哭戏全场最佳；小演员附体柳乐优弥；树木希林内心藏深海。
影志,看过,力荐,2018-08-01 22:07:22,648,“我只能教他们这些了” 特别安静，却有很大的力量，特别湿热，却像夏风一样清凉拂过…我小时候是从大桥下被捡回来的，我弟弟是从垃圾堆，为什么小时候家长都热衷于捡孩子？
柯里昂,看过,力荐,2018-08-03 21:50:12,587,在电影院看了一部阉割版电影，导演是是枝裕和，我想这大概是对于这部片最大的讽刺了。他们在尽量还原现实，我们在竭力掩盖“全貌”。他们在诉说苦与痛，我们在迎合“价值观”。当我们的电影人还在绞尽脑汁如何消费和榨取现实的时候，他们已经用最举重若轻的方式走在了艺术关照现实的最前端。如果说《步履不停》是一剂后劲十足的催泪弹，那么《小偷家族》便是如鲠在喉的穿肠刺，咽不进去又吐不出来。观影过程始终都很平静，一如观看是枝裕和的其他电影，但走出影院的路上，泪水却一直在眼眶里打转…作为导演的是枝裕和究竟是不是一位大师，这部片便是最好的回答，金棕榈只不过是影片所承载的所有意义中最轻和最无关紧要的那一个，经过岁月的洗练，是枝裕和的功力才显得愈发可怕，毫不夸张的说，世界范围内恐怕再找不出第二位能拍出此片的导演。
同志亦凡人中文站,看过,推荐,2018-07-21 17:03:18,474,水准接近是枝裕和最好的“步履不停”。几乎所有导演在拍摄底层家庭题材时都会有意无意的使用自上而下的镜头，只有是枝裕和永远能够保持温暖的平视。电影含蓄的再定义了家庭和亲情：在商店倒闭前，里面的东西都是无主之物；在这个小小家庭分崩离析前，他们就是有爱的一家人......
邓安庆,看过,力荐,2018-08-04 00:07:05,439,看的时候平平淡淡地过去，看完后简直不能细想，越想越沉痛。“羁绊”，卑微之人偶尔的连接生出从原生家庭那里得不到的温情，如此珍贵，也如此脆弱。每个人都被冲散了，孤零零地独自面对世间凉薄。活下去真难。
用户,是否看过,五星评分,评论时间,有用数,评论内容
Peter Cat,看过,推荐,2018-05-14 17:50:40,418,和《无人知晓》对比的话，是枝裕和结构和剧作上控制力衰落还是很明显的。但对类似主题复调式回归中，一个作者内在生命经验在时间中流淌所带来的文本上变化和感触，他对社会和人性经年耐心的观察、等待和摸索，恰恰承托出，与是枝裕和差不多同一时间出道的贾樟柯，还在《江湖儿女》中用符号宇宙空洞地重复自己二十年前生活经验。
翻滚吧！蛋堡,看过,力荐,2018-06-23 17:50:57,392,看不见烟火的房间，他们像蝼蚁般各自偷生，悄然滋长的暖意却足以抵御黑暗。谢谢你们啊，那些在茫茫人海里选中我的人。
叶纸君,看过,推荐,2018-08-03 22:55:27,361,感觉是枝裕和的电影还是更适合一个人在家默默观看
亵渎电影,看过,推荐,2018-08-03 23:42:38,191,看过是枝裕和导演所有的电影，算是一起成长比较熟悉的一位导演，一路看下来，会发现他在创作上的不断思考和尝试。从《步履不停》找到了自己的风格之后，他一路把家庭题材的片子拍成了鸡汤，然后就跳出创作的舒适区，拍了一部《第三度嫌疑人》，但风格上已经非常的成熟，早就有大师风范。到了这部《小偷家族》，既是他在舒适区内的创作，同时他也延续了上一部的尝试，加入了社会问题，在剧作的处理上延续了半开放，故事最后也没有真相，没有明确的答案，只是把值得思考的问题呈现出来，留给观众。导演这些年擅长并思考的东西都放在这部电影里，就像一个阶段性的完美总结汇报，非常让人好奇他下一部的法国片会做什么尝试。这周的几部新片看下来，一对比，感觉在院线片的范围里，必须怒荐！这样的电影再不进电影院，你还等什么呢？
胤祥,看过,推荐,2018-05-14 16:52:24,194,#Cannes71# 水准打平「无人知晓」，确切说把如父如子和无人知晓做了个mix吧。虽说是枝裕和永远拍“创伤后共同体”挺套路的，不过这次结构提上来了，剧作估计是学了侯孝贤，整个故事翻的实在漂亮。可惜还是有点用力过猛。让人想起「下一站天国」也是蛮愉快的事。
乌鸦火堂,看过,力荐,2018-08-06 08:12:46,379,有人没看懂这片啊。光看到没有血缘关系的家庭温暖，却忽视了背后的真实残酷。因为偷车才能捡到祥太？奶奶因为钱才跟亚纪亲密？逃犯信代救回由里是诱拐？人性没有泾渭的善恶混沌，法律与情理的纠葛，建立在谎言之上的家庭，展现出来的和睦才更令人唏嘘。好人的恶行？坏人的善心？是枝裕和并没有给出答案，每个角色都有双面性，这才是牛逼之处，这部改编自真实事件的电影本身就是为了反映现实问题，否则单纯渲染底层露水真情这片是不可能夺得金棕榈的
荒也,看过,推荐,2018-05-08 22:38:18,241,也许是票房最失败但却集大成的是枝裕和作品。《无人知晓》《步履不停》《如父如子》片段散见于全片。但却不同以上所有的是，本片在描述“这一家六口”关系时的暧昧处理。这种暧昧在结尾前被突然剥离而出的时候，这部家族犯罪电影达到了最惊悚，也是最感人的瞬间。值得一看！
欢乐分裂,看过,力荐,2018-08-03 18:00:59,160,状态回勇，几乎可比肩盛年辉煌，亦可窥见其往日作品所有标识性的元素，貌似是相似主题的变奏，实则是螺旋上升式的复调，兼有早中期对社会现状的敏锐洞察与近年来着力建构的家庭谱系。延续《如父如子》探讨「血缘」问题，一群底层蝼蚁的相互取暖，合力奏出困厄中的强音，并回归至《无人知晓》的直面黑暗，撕碎温情面纱，直抵最残酷的核心——无论血亲与否，「家庭」的式微与毁朽、个体的成长与群体的分崩势在必然，早晚死亡会赶上我们，孤独会让我们分离，从家庭小格局升华到悲悯的高屋建瓴。群戏太棒，数度泪目，此刻我们拥抱得那么紧，但终有一天会如《奇迹》般汇合又错开轨迹。最感动：1、安藤樱所有戏份，尤其是抱着玲玲烧旧物段落；2、池松壮亮的短暂出场；3、海边集体跃起；4、暗含四季时序，充满生活质感，沉静如海。
次等水货,看过,力荐,2018-07-07 13:45:35,146,整部电影叙事的时间跨度大概有一年，从头一年的寒冬腊月到第二年冬天。两个小时的片长，核心事件不是很多，但是信息量特别大，某个角色脱口而出的一句话或者镜头一扫而过的一个画面都会让观众仔细思索一番。加之每一个角色都很立体，心理活动都很丰富，所以它特别值得二刷。
LORENZO 洛伦佐,看过,推荐,2018-05-14 16:47:52,209,是枝裕和精准地解构了这个家庭，在真相揭露后所有的温情和美好瞬间分崩离析，却又瞬间升华成了超越亲情的至亲至爱。盘问抛出的问答句句质问家庭和亲情的定义，锐利如刀。比［无人知晓］和［如父如子］更加社会性，更有反思的力量。
seamouse,看过,还行,2018-08-03 15:18:57,91,没泪点的场次。我当然也高度认同是枝裕和提炼“人之常情”的高明技术，以及那些越磨越虚的“点到即止”时空感。可也必须承认，不知为何，我个人从没能在他任何一部作品中产生共情，而且似乎随年龄渐长，共情能力反而变弱。于是越羡慕身边一众能融入并享受是枝宇宙的朋友们。回到小偷，觉得高明之处在于，这并非东方式温雅朦胧之美，而是塑造了一个放诸全人类的情感道德模糊地带。当抽离了陌生人组合为家的前史后，相濡以沫的日常却反而让人动情。
大奇特(Grinch),看过,推荐,2018-06-23 16:04:56,159,“小偷家族”自私又利他，所有关系都不是表面那样，只是停留在这一秒的舔舐依偎、相互扶持。真正目的是生存，可这不正是家庭的本质吗？本田初枝默默说着“谢谢你们了”、祥太叫治“爸爸”是最动容的两个时刻了。这是一部导演主要议题的集大成之作——家庭、孤立、日本文化压抑的特质等。
谢飞导演,看过,推荐,2018-08-08 13:53:27,120,在青岛红树林酒店影院观看，观众还不少。演员精彩，剧作实在，使前半部平实的生存描写也让人看得津津有味，后面内情揭示也就分外引人。许久没看过国语配音版电影了，虽损失了原声魅力，但更多的精力注视着演员的细腻眼神，动作，似乎获得的东西比分神字幕多不少。真是什么事情都可能是有利有弊啊。
哪吒男,看过,推荐,2018-08-01 21:30:54,177,偷蒙拐骗寡廉鲜耻的一群人凑在一起嚼橘子皮的甜味，听烟花盛开的响声，堆丑陋的雪人。远离血缘和制度，新的家庭，不光彩，却有无杂质的温暖。
Lottie,看过,力荐,2018-06-23 13:02:41,134,整部电影里，最令我感动的一幕是大家坐在屋外看烟花的场景。一家老少坐在院子前，听见烟花声响起，一起抬头看着远方的天空，没有人说话，也没有烟花的画面，特写里只有每一位家庭成员对未来充满期待的脸。这个看似美好的画面，令人唏嘘不已。这样的美好，和烟花一样转瞬即逝。
黄青蕉,看过,力荐,2018-08-06 12:53:14,83,哇哇大哭。不能选择的是血缘，可以选择的是亲情啊
二十二岛主,看过,推荐,2018-05-14 16:35:31,154,戛纳第15场主竞赛。是枝监督正常发挥，虽然在已经熟稔的家庭剧拍摄套路中，通过增加成员关系的复杂性来制造戏剧冲突，本质上并不高明，但可以延伸到死亡性懵懂底层困境等多角度命题，确实需要足够的掌控力。最可贵的是处处隐匿的疼痛感得到了无限的放大，安藤樱是目前唯一能和涛姐争影后的对手。
芦哲峰,看过,推荐,2018-08-04 09:29:37,175,出生地未必是故土，心安处才是；有血缘未必是亲人，有爱才是。愿世界温柔善待每一个没钱的人、缺爱的人、以及没钱又缺爱的人。
萨库拉,看过,推荐,2018-06-16 23:30:14,139,是枝裕和其实蛮热爱“奇情”的，他的优点在于克制。妹妹身上的伤，去世的欧巴酱，跳下天桥的哥哥，真正的残忍都被留白了。众生皆苦啊，只有爱是草莓味。
骆哥的迷弟,看过,力荐,2018-05-21 18:52:54,103,安藤樱真的是发挥出了影后级别的水准
用户,是否看过,五星评分,评论时间,有用数,评论内容
猛汉世雄,看过,推荐,2018-08-04 15:07:09,121,被安藤樱的演技震撼了
顿河,看过,力荐,2018-05-15 15:01:41,74,最重要的是那个冷静的是枝裕和又回来了，当然依然包裹在爱意里。
xxhhcc,看过,推荐,2018-06-04 23:09:27,84,确实是集大成之作，从贫困版<海街日记>到新<无人知晓>，最终直指是枝映画的核心----“何为家族“。作为正义化身的”池胁千鹤“或许没有犯任何错误，因为”正义“只会按照”正义“的路线行进，永远不会去观察画外的家族伤痕！安藤樱6年内第三次旬报最佳女主角是跑不了了！
掉线,看过,推荐,2018-06-24 23:08:35,84,【A-】通过一家活得像动物一样的家庭，展现了家庭的真正意义（即社会最小单元），以及人类情感关联最赤裸的本质。关联的动机来源于自私的本性，却又会在相处过程中产生无私的念头，但最本质仍是建立在自私上的无私。只是稳固的家庭不会显露这点和因此产生问题，是枝裕和用充满琐碎又明了的剧作说出了一个冰冷但真实的道理：家庭稳固靠的并非家人情感有多深厚，而是社会有多健全安稳。
不良生,看过,推荐,2018-08-04 17:35:12,101,是枝裕和的电影里，人与人一直在告别。探寻到手臂同样的伤疤，烧完窠臼囚困的衣服，跳跃过沾满一身泥沙的大海，听完仰首却不见的烟花，堆完最后一只丑陋的雪人，原来我们就要告别。比血缘关系更胶着、缠绕、稠密的，是羁绊。你在人世已再无血缘亲伦拉扯，愿你找到值得将你留住的羁绊。
shininglove,看过,推荐,2018-08-04 16:29:42,84,世上的确存在没有血缘的亲人、盗亦有道的罪犯、有情有义的色情从业者，现实生活中没发现，不代表他们不存在。沉默、贫穷、算计、肮脏不是隐形的理由，他们本不应该被主流银幕围剿消灭，尤其是在这个GDP全球第二的国家，只可惜有人不懂。
荔枝超人,看过,力荐,2018-07-17 23:39:28,87,看不到烟花，听听声都很满足了吧。
牛腩羊耳朵,看过,推荐,2018-05-14 17:06:27,78,是枝裕和把自己的一套家庭剧语系掌握的炉火纯青，情绪把控在反转前后都精准无比，每次看都会觉得是老一套，但每一次都会感动。安藤樱在一众老老少少的好演员中靠着最后寥寥几场戏就轻松超越了涛姐的大女主演技。
七颗栗子,看过,推荐,2018-08-04 11:43:03,82,电影都是骗人的，谁会遗弃这么可爱的小男孩，我怎么捡不到，我走在路上看到别人家的都跟猴子差不多，这还当块宝养着，我到哪里去捡电影里那些可爱的小孩。
嘟嘟熊之父 🧸,看过,推荐,2018-08-01 22:08:43,82,人世间爱有两种：一种是拾起了，又打碎了；一种是打碎了，又拾起了。你相信哪一种？
大瘦瘦,看过,推荐,2018-06-25 00:31:27,62,更黑暗的无人知晓，更贫穷的海街日记，更无助的如父如子，更无解的三度杀人。
草威,看过,力荐,2018-08-03 22:48:09,87,能在电影院看《小偷家族》是幸福的。
内陆飞鱼,看过,推荐,2018-07-31 22:48:41,51,是枝裕和集成型作品，近乎大成，一贯的耐心、细致、温情、隐忍，不忘初心，方得大奖，日常生活呈现真切实在，人物感情羁绊亲切可信，轻与重娴熟转换，苦与乐自在人心，为安藤樱演技打动，“边缘人群”互相取暖的故事需要耐心进入，国内普通观众不一定有耐性坚持，开局票房不错，就看第一周表现，希望超过6000万，欠导演一张票的青年们，是该拿出你们的态度了。
Vamei,看过,推荐,2018-06-23 22:41:48,72,盗窃否定了家庭的经济功能，诱拐否定了家庭的血缘功能。除去这些功能，家庭还会剩下什么呢？大概就是那句无声的“谢谢你们”，那句无声的“爸爸”。
徐若风,看过,力荐,2018-08-03 15:31:37,49,所谓的“是枝裕和电影宇宙”就此形成。从表层出发，这是一部《无人知晓2》，底层群像在各方驱动后“家庭重组”。但我们常习惯于用“血缘”来概括是枝裕和一系列作品主题，却会忘掉他本质上不是在讨论这些字眼，而是字眼背后——个体与个体、个体与社会的双向关系。情感是如何在阴霾里透出光亮，如何在角落里无声传递。另外这次能回到巅峰水平，和表演个个精彩是分不开的，从《无人知晓》后是枝电影的力量，基本靠“表演＋细节”来带出生活经验持续累积共鸣。这也是为什么最后安藤樱、中川雅也和两个小孩的落幕戏，都堪称是深水炸弹连炸的重磅效果。
成知默,看过,推荐,2018-08-04 17:31:31,56,原生家庭的背弃与伤害，萍水相逢的慰藉与羁绊，血缘无法选择，他们选择奔向的那一点点微弱、近乎希望的光，也许可以带来类似幸福的错觉，但终究是虚妄的，并无法带来拯救。家的崩解与重组，深陷泥沼的底层的苦痛与挣扎，是枝裕和主题与元素集大成，如此温暖，也如此残酷与绝望。
王大根,看过,推荐,2018-08-03 17:43:56,47,就完全比海更深+无人知晓了，还是蛮催泪的，看完比较想吃泡面配可乐饼&给池松壮亮枕大腿
efuchan♡,看过,还行,2018-06-11 15:14:18,51,第一感觉，感觉像松岡茉優为我提供了色情服务。（在金棕榈片写这种评论是不是不太好）
炒煤能手,看过,力荐,2018-05-15 00:31:47,41,回归主竞赛当然是因为又有新招，安藤樱远超影后级的表演，含蓄和直白之间准确拿捏平衡的剧本，反高潮化的设计，之前很少见的远景镜头，还有细细铺开的配乐。在戛纳海滩借采访之便和导演合照的我封自己为全中国第一粉丝，祝愿这次勇夺金棕榈！
时间之葬,看过,推荐,2018-08-03 14:50:57,48,如果没有《小偷家族》，两个孩子会不会《无人知晓》？如果没有以血缘为基础的陈腐道德观，《小偷家族》会不会《步履不停》？手残买成了译制版，效果比原声差太多，许多细腻的语气和声调都无法表现。对于这样的电影，译制就是一种糟践
用户,是否看过,五星评分,评论时间,有用数,评论内容
悦然,看过,力荐,2018-08-03 20:23:29,46,安藤樱成就了这个电影，给是枝裕和注入了不一样的东西。
匡匡,看过,力荐,2018-08-04 11:53:30,49,从头哭到尾。这才是电影存在的意义啊。也只有这样的电影，看完后，会捡回一点点对人类的敬佩啊。
昏金暗玉,看过,推荐,2018-07-25 12:34:10,38,「步履不停」里的残酷一刻是点状的，一刺即破，之前之后都不再提及，任由涟漪余波缓缓震荡。而这一次集中在后三分一急转直下的地方，把前面的温和网面各个击破，故事的面向反转过来，而温柔底色保持不变。那点底色是交织着残酷的，渴求温暖的人必须承受人性的黑暗面才能得到一点温柔。而在钩织温柔与残酷时，有些接驳略微生硬，人物聚焦不均。最喜欢的一场戏是安藤樱告诉孩子他被捡走时的详细信息，她说的话只有母亲才会记得的细节，在那刻她拥有了「为人母亲」的资格，相当震撼。如果说她哭泣那场戏是她天才般的演技带来的，这场戏则是剧作带来的。我想是枝裕和一定是写了大量的细节再作取舍，他依然在尝试，在不经意的句子和日常之间埋下线索与炸弹。这出戏他在专攻「炸弹」，兴许下次能拾回些日常。他在一条路上不停深入，时而迂回，但从未偏离。
杨迪,看过,力荐,2018-08-04 01:37:54,63,看完一部好电影我也想写点什么，但我就是写的没别人好。我只需要记得，今天看完它，我又哭得不行，最后我已经很克制了。在电影最后一个镜头时，我不由自主说出“真的看不下去了。”一直希望片子里的人好好的，但又无法不喜欢这样的“坏”电影。有爱的活着，多好啊。
圆首的秘书,看过,推荐,2018-08-07 14:10:05,26,没想到啊，真的过誉了。是枝裕和说自己在这部片子里灌注了自己的全部思考，其实并没有夸张，他想探讨“家庭”这个概念到底是指什么？是一个血缘共同体，还是经济共同体，还是情感共同体？哪个才是家庭的本质属性，哪个又可以剥离？绕了一大圈，实际上他还是完成了自己的作者性主题复归：只有情感羁绊才是不容置疑的，而一个家庭之所以分崩离析，就是因为大家在这个问题上无法达到统一。本来是一个超级棒的概念，是枝裕和也调动了自己毕生所学，但错就错在他不加节制地，甚至是机械性地把自己的全部生命经验粘合到一起，所以他终究还是在接近结尾的地方失败了，造就了一件有点破碎的艺术品。好在对是枝这样的创作者来说并没有什么真正的失败可言，这次失败了，下次还可以继续探索下去。
文森Vincent,看过,还行,2018-08-03 17:21:08,33,一部包装上反世俗，内核却是在迎合世俗的作品。是枝裕和保持住其家庭片应有的水准，在细节刻画和人物塑造上的优势显而易见，对演员的调教也再次让人为之一振，其中的三段奔跑戏、两段唇语戏最有力量，真挚而动人。但将本片视为是枝的集大成作无法令人信服，整部电影存在的最大问题，是导演本人仍未脱离阶层的认知视角，他的电影已形成固定甚至些许刻板的情节、人物和文本的写作方法，看上去精致细腻而又过分的拘束谨慎。《小偷家族》向观众展示了不幸福的人们组成集团(片中的非亲家庭)的可能性，与此同时，它也在规避对这种可能性进一步的描述和解释。★★★
大島,看过,推荐,2018-08-17 01:21:02,31,安藤樱的魅力在于每一次的愤怒里都有90%的洒脱
结冰,看过,推荐,2018-05-14 17:03:08,33,是枝裕和再次用温柔镜头讨论家庭亲情社会，涌起了不少以往作品的枝节，在这个小偷家族里，情感的冲击力却更刺心。安藤樱绝了。
丁一,看过,还行,2018-08-16 09:41:29,26,小津是爷爷，今村是外公。是枝裕和这孙子两头跑。小津把蝉蜕挂在是枝衣服上，说我家才没有那样脏兮兮的狗窝蛆一样的人。今村带着是枝外孙偷东西，说我也从来没见过小津家那种雪白干净的榻榻米。小津死后，是枝裕和开始往家里带外人。小津屋檐下坐着沟口家的外婆，伊丹家的女人，圆子温家的女儿，还有蔡明亮家的野孩子，狗洞镜头里今村家的狗男女把榻榻米滚的脏兮兮。蛆们把小津埋在了后院里。家人即地狱，强拆小津家，但是一切拆迁党，又爱重建小津家，小津一辈子不结婚，埋在后院含笑不语
无耻不混蛋,看过,推荐,2018-08-03 19:03:24,39,6个“被嫌弃的松子”同在一个屋檐下互相取暖的故事。是枝裕和这一次，以“家庭”这个细胞去解构“社会”。细腻温情的背后，是冷酷与无情，但最后依旧是“大温暖”。感觉这是是枝裕和能给我们人类“最好的礼物”了。用日式的方式，诠释了田纳西·威廉斯那句“不管你是谁，我总是指望陌生人的慈悲。”
海盗豚,看过,力荐,2018-05-20 00:29:29,42,一如既往地细腻入魂，这次还多了些娱乐性，配乐和台词上的幽默让观众很舒服。但从奶奶在沙滩上说出“谢谢”开始，虐心度一路攀升，不是那种需要号啕大哭的感动，但从内心深度蔓延开来的伤感让我就像一个充满水的气球一般，一戳就要炸开，一动都不敢动，憋到嘴唇颤抖，内心求饶说别虐了，要了命了。
老晃,看过,推荐,2018-08-05 13:53:57,25,是枝裕和喜欢的，是以温情写残酷，这和多数电影所做的，正好相反
安东妮,看过,还行,2018-08-05 13:15:19,25,顶级表达的必要条件是新，要么新语言新形式，要么新情感新道德。是枝裕和属于旧语言旧情感里的到位表达，所有作品（也就幻之光除外）指向一句：人和人还是有羁绊的好。找到共情的观众是容易的，被未来的人类念念不忘是困难的，因为旧情感会不断有表面翻新的、更戳中时代泪点的表达。
孔鲤,看过,力荐,2018-08-04 21:26:19,46,电影再一次证明，底层人民不联合起来是没有用的。
焚紙樓,看过,推荐,2018-08-05 22:52:32,25,自己也曾當過扒手，故代入感強的有點難以客觀看片……祥太結尾在公車玻璃前的戴帽掩面，與亞紀在風俗店鏡面下的那個自我羞恥者的輪廓完全一致，顯非巧合。不過更讓人強烈感受到的，還是莫過原來要把《第三次殺人》拍好的真正方法，不是少一個福山雅治，而是多一個安藤櫻吧。
风间隼,看过,推荐,2018-08-01 23:41:59,34,奶奶、妈妈、爸爸原来是老太太、阿姨、叔叔，凭利益结合的“家庭”，却有“正常”家庭所缺乏的人情和义气，靠运气和迷信的行窃生涯，却有传统江湖的余韵。从头到尾都是枝裕和式的絮絮叨叨，却分明向福利国家的“编户齐民”理想和“边缘人群治理”投去了不屑的一瞥。生活在阴影下的人们即使看不到烟花，依然拥有海滩。摄影和音乐都是一流水准，暗部的色调，汗津津的季节感，怪异却提神的配乐，大银幕才能看出味道。安藤樱的泪水，中川雅也的坦白，还有两人边吃拉面边调情，都是好戏。
Tyger Tyger,看过,力荐,2018-08-03 21:43:37,30,9分。看了脊背发凉。在我看来，我们之所以被吸引，与其说是由于爱不如说是源自恐惧，是枝裕和的故事已在试图描画一个乌托邦，一个共同体的可能性，藉以抵御人类将要到来的可怖运命～
朝阳区陆依萍,看过,推荐,2018-08-07 18:21:29,20,结尾那句爸爸和日剧跑取其一就好了...
咱说,看过,推荐,2018-08-04 13:48:37,30,这是一部拍得非常好但是不能在任何方面打到我的电影。导演在叙事上的算计极其精确，每一场戏要表达和展现什么，意图都很清晰，没有多余的镜头和言语。在节制地叙事和配乐之外，还适时插入几个户外调子明亮的场景，蓝天、青草、河流、暖阳。看到不少影评提到本片前半程家庭“和谐”，从奶奶去世后一下子“真相大白”。我觉得这种说法过于夸张，导演在前半程已经通过多处情节暗示了这家人不寻常的人物关系，特别是某些人物关系之间的疏离感很明显，绝非普通家庭的那种“和谐”氛围。【中影流花】
曾于里,看过,力荐,2018-08-03 16:06:09,44,如果说，是枝裕和的家庭电影都是“同一部电影”，那么这部电影就是“羁绊”。无论是否有血缘关系，家庭成员之间难免有龃龉、有冲突、有快一步慢一步的不协调、有虚情假意，甚至也有小偷家族里的自私、小算盘和冷漠。但长久的陪伴中，一定会滋生出一种叫做“羁绊”的情感——这是连自己可能都意识不到的爱，对家人的爱、对这个家的爱。
用户,是否看过,五星评分,评论时间,有用数,评论内容
SELVEN,看过,力荐,2018-08-03 11:51:20,30,86/100 日本已经感觉到了传统的以血缘关系结成的家庭模式逐渐无法适应现今的经济社会环境，传统家庭之前在爱恋、育儿、养老等方面的优势如今已然捉襟见肘。电影里的互助家庭，或许就是对政府和法律滞后的意识的一种提醒吧。如果法律规定一个孩子必须回到无法给予爱的父母那里，一定是有问题的。
水浒三国金刚,看过,推荐,2018-08-04 19:42:23,34,看暴发户装逼撒钱泡妞傻笑出猪叫，看底层人坚强乐观生活低头玩农药，这种畸形的电影市场也叫“繁荣”？
恶魔的步调,看过,推荐,2018-08-04 20:58:58,31,偷来的家庭关系，理想的人际。
私～［已注销］,看过,推荐,2018-07-02 17:30:32,26,很的小时候，我画的树上总有一个松鼠洞，也喜欢画黑暗的夜空和深海。直到有一天晚上我想离家出走，却被家人笑话一会儿肯定回来。从此我不再画了。
獨孤島主,看过,推荐,2018-06-24 18:29:02,34,淡淡地来，好好地去，恰似无人知晓的温柔
维城乱马,看过,推荐,2018-08-03 13:07:32,37,平淡生活里的诗和刺。
葵,看过,力荐,2018-08-03 22:09:25,29,第一次大荧幕看安藤樱，只能用泪花表达激动心情了。
小十三,看过,推荐,2018-06-13 22:01:33,26,就是看着舒服，就是喜欢，永远不会被抛弃，永远都活在温暖里
唐小万,看过,推荐,2018-05-14 17:02:48,26,小男孩有当年柳乐优弥的影子，想抱他。/重看国内公映版最喜欢的还是同一个地方，又增加了诸多喜欢的细节。最后感叹一句，人性太复杂了，有爱也有恶。
Mr. Infamous,看过,力荐,2018-07-20 23:02:42,32,幸好得知又动刀子，再忙也得看个完整版。是零散的日常，可乐饼、面筋以及波子汽水堆砌起来的生活，拥挤，聒噪，可人间再没比这更窝心的了。真是个奇妙的家族，道德、身体、身份全都可以回炉再造，造成自家的平衡，再把过客度化成血亲。有意思的是，跳出上帝视角的那些人，再正常的关切，竟也是戕害，哪怕当事人也知道，盛筵难再，但有过那一夏，即便什么都没改变，也终归什么都改变了。每个人的表演都很好，特别欣赏安藤樱，但她居然，也是86的。四星半。
犹在镜中,看过,还行,2018-08-02 02:26:21,12,抛弃血缘，全凭相遇（であい）来组成羁绊到底是（1）延续自己的家庭片风格，认为不管是否有血缘，只要相处便能构筑家庭，主打温情。还是（2）全凭相遇组不成稳固的家庭，而且还是从家庭内部生出的冲力。温情虽有但是限于家庭结构的复杂和更大的社会结构问题而会最终坍塌。仔细思索，（2）也许更是是枝裕和所要表达的，即没有关系的关系。因为如果是（1），作为观众的我捋不顺整部电影的脉络，将遇到死结，但倘若换成（2）则一下会开阔起来。沿着（2）可以看到，我一直批评不愿意触及社会结构问题的是枝有了明显的进步——试图开始讨论现行建制下家庭的可能性。但是拍出来让我误读，可能是水平有限或者在社会维度上他体认还不够深（也并无更宏大的意图去改变），最后还是留下了复杂难解的困局。3.5
皮革业,看过,力荐,2018-08-03 16:06:31,21,是枝裕和终于找准了自己创作的折中点，用近年的叙述方式（家庭剧）处理一个早期（反社会规则）的题材，加上血缘、羁绊、法理、生死这些一以贯之的要素，真算是集了一次大成。片中最为珍贵的大概是树木希林在海滩上的那段自言自语，充满谢幕的意味，镜头里也写满了是枝对她的挚爱与不舍。是枝说他每次开机前都会重看一遍布列松的《钱》，这次大概加上了《扒手》，场面调度上对和室纵深空间的运用也更多来自成濑而非小津。
麻友安,看过,力荐,2018-08-03 22:20:08,28,作为一个不太了解日影且完全不了解是枝裕和的人，依然能感受到它的锋芒。最喜欢那些按照某种韵律般出现的全景长镜头（时间的片段）：兄妹和放学的同龄人相向而行，儿子讲着小黑鱼的故事和腿伤未愈的爸爸追逐打闹（这个镜头让人想起《德州巴黎》，二者穷尽了温情与孤独），它们发生在当下，也不断地回响、重演。对于“缺省”的理解，略似布列松：重大的事件总在画外空间发生，我们看不到摔下桥的儿子、流泪的客人、绽放的烟花、去世的奶奶，他们是滚落一地的橘子、大腿上的泪珠、眼中的光芒，和一缕终于披散下来的银发。进食的仪式与“家庭”的光晕：寿喜锅、泡面配可乐饼、玉米、凉面。当然还有那些细碎的“神迹”：棒冰，伤疤，雪人，以及安藤樱的每一场演出。它已经很好，而反政府反建制的理想主义信念让它更好了——用一个词来形容就是“崇高”。
纤指十三,看过,力荐,2018-06-10 21:53:22,29,是枝裕和的片子永远看不腻。
古尔齐亚,看过,力荐,2018-08-02 01:27:20,35,好就好在他没有急于下结论，小偷家族是好是坏，说出了它的种种荒诞和没有未来，但却也因为曾经温暖过他们，而有了短暂的存在意义。
绿妖,看过,力荐,2018-08-05 15:34:55,29,别的电影是酿好的酒，《小偷家族》是还在后发酵的酒，看完将近一周，情感还在心里，此起彼伏地冒着泡沫，生灭不息。
刘小黛,看过,力荐,2018-06-25 14:55:08,24,散淡如诗，却又讲好了一个人情冷暖的故事。每句对白结构成日式家庭的稀疏平常，像海边吹来的风，让人看得闲云散雾。人情寂寥，《德州巴黎》一样的暗室，孤独陌生的人们渴望转头后的正脸相视。疏离的人们相识走近，欢笑过后，一把刀子打破情感窗棱，创伤后回看从头，结尾太丧了。
银谷,看过,力荐,2018-08-05 08:54:45,24,有余味，一夜醒来仍然心有戚戚，安藤樱的眼泪，海边的背影，谢谢你们的口语，看不到的烟花，冬日的寿喜锅，这个世上没有一个人可以孤独的活下去，没有血缘，那我们的灵魂就紧紧羁绊吧。电影院里静到无声，旁边的女生最后轻轻的吸了吸鼻子。
心生,看过,力荐,2018-08-04 18:49:01,13,四星半。依旧是是枝裕和的克制与精准，但这一部又比他之前的作品信息量要大一些，或者说，复杂一些。这种复杂，有关情感、人伦、血缘、道德等等，但又讲得没那么直白，而是把信息量放在每一个小小的举动与设计、看似不经意似的台词里。冬日的相互取暖，夏天的湿热徘徊，看不见的、只有声音的烟花，海边短暂欢愉的“一家人”，“一家人”的埋葬，后来的逃离与担当……如烙印一般打在银幕上，打在观者心里，轻柔刻骨。就像没有泳裤的治，让人觉得，残酷、诙谐又心酸。
冰山李,看过,很差,2018-08-03 14:55:55,29,今村昌平被黑得最惨的一次
用户,是否看过,五星评分,评论时间,有用数,评论内容
子戈,看过,推荐,2018-08-04 08:08:00,22,好电影，探讨基于血缘与婚姻之外的家庭形式，能否被接纳。是是枝导演在擅长的家庭题材上的，又一次突破。说删减不影响观影的体验的人，都犯了一个严重的逻辑错误，就是把电影等同于故事。如果电影就是故事，那就没必要看电影，看谷阿莫就好了，把电影删减到极致，10钟就能看明白。但那还是电影吗？电影就是由一帧一帧的画面组成的有机的整体，不光看故事，更要感受它的氛围，倾听时间流动的声响。不能删。删了，跟迫害一个生命，无异。
HarperDie,看过,推荐,2018-05-14 17:10:59,24,四星半。是枝裕和回归最熟悉的叙事节奏，情绪如下午4、5点的暖阳，和煦却不刺眼。看似在纪录“小偷家族”的生活日常，殊不知内里刻画的是被盗走平凡亲情，却在无人问津处温暖彼此的可爱家伙。是枝裕和若能将前半部分精简，情感一定会释放得更加动人。安藤樱为影片增加太多深度，却毫不喧宾夺主。
小川叔,看过,较差,2018-08-04 23:31:59,28,不管他获了什么奖，都欣赏不了。片子平淡的好像个家庭录影带，几乎完全没什么主题和故事。真的是冲豆瓣评分去看的，但。。看完说不清什么感觉，无法总结，没音乐，也不煽情。。。如果平淡，但好歹有个余味吧，也没有。。结束的也莫名其妙
梅山君,看过,力荐,2018-08-03 16:46:47,30,好好活着，总会有人成为你新的羁绊，总会有人给你新的希望。
王大盆,看过,推荐,2018-08-03 21:09:53,19,人可以控制相聚，却无法左右别离。
大时代·歌姬,看过,,2018-08-20 17:22:30,18,看到一个解读：玲就是亚纪小时候父母感情不好被虐，然后父母离婚，继母来了，亚纪走了，在风情店认识了对自己好的人变成女主，老了变成老太太，这是同一个人四个阶段.... ——瞬间打开了新思路，这四位可以组成一个女人的一生。
seabisuit,看过,力荐,2018-08-02 17:44:37,8,院线重看发现上影节是完整版，删减的近五分钟对人物的立体感和主题有影响，因为那几段有以往少见偏成人视角展现性的一面。几乎能找到导演所有电影甚至纪录片擅长的元素和影子，在大量物价数字的当代经济社会框架里剖开道德法律的评判，新合作的摄影增加音画设计的镜头留白更显凌厉。从步履不停开始去茅崎馆创作的是枝裕和走的却是反小津路线，不断实验重复并探求改变至此的集大成。表面温情中挖掘不易言说的残酷，多样多义性的承接依观者的生活经验可有不同方向的解读。无论什么家庭还是人联结在一起后必然会发生事情，靠血缘金钱利益维持的羁绊最终都有说不出口的爱，但不管结果好坏小孩和大人无时不在成长选择，岁月流逝要感谢提取的美好瞬间是海滩上屋檐下拥抱中与你陪伴的那一刻，宣告关系的重要价值，也正如片尾被孤寂的个体对外界缘起相识的渴望。
Jeannels,看过,推荐,2018-06-23 15:23:11,19,更像是「是枝裕和」对过往映画的总结。叙事回归到《幻之光》《无人知晓》时期，起初很难进入，闲碎笔触较多，但越往后越温润与惊颤。全片最动人的时刻，一定属于那场只闻其声的烟花表演。身为不被社会所照亮的群体，在骤暖的瞬间，这些蝼蚁比巨象还要强大。恭喜是枝裕和进入新阶段。◎SIFF21
迷宝,看过,力荐,2018-08-01 22:23:59,30,温柔得没边儿了……恳切、细密、隐忍，残忍又足够化解残忍的温柔。
方枪枪,看过,推荐,2018-06-23 12:37:28,24,是枝裕和的电影总能让观众从反反复复，琐琐碎碎的日常中看到生活的美好。这部其实也一样，还是导演惯有的题材和叙事风格，只是更加有故事的张力，有趣的人联系到一起。故事外是善和恶的呈现，小恶里有善意温暖，看似善的背后其实隐藏着恶。导演呈现故事，观众成为旁观者，纷繁复杂的背后有自己的理解。
冰红深蓝,看过,力荐,2018-08-02 10:37:46,16,"1.是枝的金棕榈之作，恰似此前作品的凝缩与总结：对被家人遗弃者的关注与小演员的精妙表演同[无人知晓]，血缘羁绊与日久生情的对比似[如父如子]，犯罪悬疑成分及对司法体制的质询上承[第三度嫌疑人]。2.对原生家庭与传统伦理秩序的诘问深刻而锋锐，但残酷中却浸润着温情，一如未当面说出的谢谢与告别词。3.三处细小而动人的时刻：俯拍远景的深蓝色夜幕下，腿伤未愈的治同祥太追逐打闹；上帝视角下，一家人从窗户探出头来观看只闻其声的烟花，欢呼雀跃；""父子""告别前夜，一起滚雪球、堆雪人。4.安藤樱在审讯中无言而滞缓的哭戏，如此怅惘而幽邃，恍若洞穿了一个时代。5.也许，我们依然能挑出不完美的地方，比如松冈茉优的角色的单薄，以及小主人公从叛逆/弑父到三重回归父权(社会,养父,可能的寻生父)的妥协，但本片依然足以入年度十五佳候选。（9.0/10）"
纤纤,看过,还行,2018-05-28 08:14:26,14,有这样一群相似的人，生活在社会底层却努力的活。
竹棘,看过,力荐,2018-06-25 15:45:37,33,回味的细节太多。沾着泡面吃的可乐饼，寿喜锅里的面筋，手臂上的烫伤痕，腿枕上的泪渍，倾倒在桌角的素面，只有声音的隅田川烟花，被烧掉的裙子，大女儿的毕业写真，瓶盖当眼睛的雪人，汽水里的宇宙弹珠，数着123456789
Paco,看过,推荐,2018-08-06 21:44:37,16,并不认为具备剥离真实原型建构这个“散体”式家庭的原生说服力，即便解体的过程不可避免地感人，前者的不充沛还是拉低了境界的上限。意识到自己作为一个只看过三部是枝裕和（尤其不包括上一部）的观众，是有多么难以评价这样一部外观上并不反常、本质上又极具发展性的作品后，就决定放弃理应有的“作者本位”思维去看了。在后半段看到了清晰而不刻板的情理法三维描绘——家庭结构的被动瓦解、经脉的主动切离和情感的藕断丝连，汇聚出一部电影理想“分裂”形态的同时，《小偷家族》之于我有限的积累也确实涉足了所谓家庭片的未竟之地。但这种自我拉扯与低普适性基底注定了极致情感的无法提炼，这对观感带来的损伤也只能靠种种“意义”去填补了。最爱那场缝隙里只闻其声的烟花戏，越是看不到越要仰望，而自由的镜头也从未辅以追寻，因为在发光的是人。
btr,看过,力荐,2018-08-06 23:26:39,12,是枝裕和终于成为大师。日常的浓度和强度在不动声色中展现。带有欺骗性的简洁背后藏着多层次、层面的复杂性：涉及个人身份建构、人际关系、家庭的本质、道德选择到社会大环境等。大量中近景特写，固定镜头和移动镜头的切换／反差，（少数）同一场戏里切换不同景别等等，都是妙笔。
SydneyCarton,看过,力荐,2018-08-03 21:32:43,17,看完不想说话，出去闷两颗烟都化不开。
寒枝雀静,看过,力荐,2018-07-01 00:10:24,14,A / 一场看不见的焰火恰似《燃烧》中的哑剧，从温情脉脉演绎到希望的另一面。并不停留于解构传统血缘论，而是追问在当代底层生活所迫的利益网下建构纯粹之「爱」的可能性。虽然体制批判略显刻意生涩，但看到是枝裕和的社会思辨呈现出如此多层次的复杂性又着实惊喜。私选仅次于《距离》&《幻之光》。看完所有剧情长片真的觉得这绝对算是一次大型回春……
xiaohehe,看过,很差,2018-08-20 17:27:39,14,唉，无语。体会不到共鸣。两个健全有劳动力年轻人竟然需要靠教小孩偷东西特别是偷吃的过日子。就这样还能强行插入“温暖和谐”亲情感？只能说导演离底层生活还是有点远，全凭想象。
科林,看过,力荐,2018-06-24 00:36:07,20,如果说《如父如子》还在讨论生之恩与养之恩孰轻孰重，这部《小偷家族》则给出了斩钉截铁的回答。杂货店老头的话给了祥太打破现状的动机。依旧是把生活琐碎娓娓道来的是枝裕和，手臂上的伤痕、大腿上那一滴泪、安藤樱的抹脸哭戏…凯特·布兰切特说：“这部片完全击中我们的心。”——“口型（我也是）”
橘猫爱吃鱼,看过,力荐,2018-08-03 00:01:08,13,人物刻画细腻，故事非常感人，没有血缘关系，只有爱。金棕榈最佳影片实至名归。
用户,是否看过,五星评分,评论时间,有用数,评论内容
女神的秋裤,看过,推荐,2018-08-03 23:53:46,19,依旧平淡如水却能让人泪流满面，有血缘关系的不一定就算亲人，异父异母的亲人会抱你很久，但你却不知道该怎么称呼他们……
凹凸,看过,力荐,2018-06-24 23:01:19,21,一句句未能当面说出口的称呼和感谢，都在绵里藏针地诉说着对原生家庭的质疑。小偷家族偷的不是财物，而是羁绊。安藤樱和莉莉弗兰奇都是太棒太棒的演员了，情感力透纸背。/ SIFF第25场
托尼·王大拿,看过,推荐,2018-08-29 23:59:52,12,就像一条小溪，是枝裕和总是展示着那欢愉着奔腾的水流，却不会提醒旁人水底是边缘锋利的顽石，于是稍不注意，就容易被划破脚掌血流如注。
godannar,看过,还行,2018-08-12 15:00:05,10,其实和莫言拿到诺贝尔文学奖没什么区别。如果说这部电影除了「可爱的东瀛小矮人」美学外还有什么别的价值，那恐怕只能是一个范本，一个布列松穷尽一生去逃离的表演世界。
刘小流,看过,力荐,2018-07-31 17:13:24,19,笔笔像温柔的刀子，温柔的是镜头中的旭阳，残忍的是挑出来的如蛆虫在案板上的窘境。对自己的凋零来不及有情绪的“蛆虫”，导演帮着把捡回老本行和骤雨、代表成长的掉牙与死亡、烟花和渺茫的灯光剪贴在一块。和同场的《燃烧》也有了异曲同工之妙，同被遗弃，或孤零零地死去，或几个人抚慰着在世界中隐去。但终究那名不正言不顺的亲情，既带不动彼此，也温暖不了余生。
看电影看到死,看过,力荐,2018-05-21 19:12:16,15,越残忍，越温柔！最好的是枝裕和，最暖的金棕榈。安藤樱几乎祭出了演艺生涯最佳表演，野性、坚强，不时流露出偷偷抹泪的柔情。树木希林和蔼中的小锋芒，真是让人越看越爱。
陈重重,看过,还行,2018-08-03 09:52:48,12,水准在线，但还是太工整了，惊喜都是安藤樱给的。
Enjolras,看过,推荐,2018-08-01 22:20:14,11,一如既往的平静中展现波澜和伤痕的是枝裕和，这次几乎是他以往作品的打包精装版。“家庭”从未以如此破碎又完整的姿态出现，每一个人的背后都有私心和秘密，但每一个人的心中也都有温暖和关爱。是枝裕和对家庭关系的思考之深，你会发现几乎任何家庭的问题都能在片中找到痕迹，是做了到一个父亲该做的事才能够称之为父亲，而不是生下了孩子就能成为母亲。
Morning,看过,力荐,2018-06-23 12:19:21,21,世事哪可完美，愿错轻微。有幸你可陪我，活过痛悲。地球上的人若全没亲人，共行共知与我至亲的一个是你。以前是枝裕和拍人是人，是生活里流动的一份子，现在他拍人是性灵，在宇宙中总有逍遥。ps.看烟花那个顶拍镜头，美而有意义。
五色全味,看过,推荐,2018-07-06 00:39:21,11,3.5 用類型身份（小偷）包裝過往的家庭劇，每個設計和人物都熟口熟面，表面是底層寫實，內裏其實非常奇情和離地（不無虛假做作的部分），目标是追求通俗，非常清晰地想打海外市场，事實證明是成功了。不是說不好，只是在創作上多是原地踏步，而且多了功利的計算。安藤櫻演得很不錯
豆沙馅小甜包,看过,推荐,2018-06-13 21:15:15,14,触动心灵，很喜欢这个类型
misswhatever,看过,很差,2018-08-07 07:21:58,14,明明就是好吃懒做不求上进的一对半路夫妻秀了一把爱心，吸引&“诱拐”了三小一老在同一个屋檐下并计划将小偷这一手艺传承下去最后功亏一篑的故事. 整部电影都充斥着:我是小偷我不求上进我不懂法律可是我有爱心啊…MD智障
巴伐利亞酒神,看过,推荐,2018-08-03 21:07:30,21,什么是爱，什么是亲情，导演仍旧用那把温柔的小刀在你心窝捅来捅去，让你不甘让你疼。没生过孩子的渣男渣女有没有资格做父母？生过孩子的渣男渣女呢？父母是祸害还是伴你成长的毒鸡汤？人生真的很难啊。安藤樱太棒了，那张脸简直天生为电影语言而塑造的，根本不用废话几个表情就他妈让你泪如雨下！
PomBom,看过,力荐,2018-08-07 22:45:06,12,在彼此面前装作坏人，就可以从此自在地去过新的生活了吗？偷来的东西可以归还，偷来的家庭可以解散，那么偷来的温暖和爱意呢？这样一场大家一起看过的花火大会，难道不会成为彼此之间永远的羁绊吗？影院的灯光驱散黑暗的那一刻，我只想快点回家，给我的母亲一个拥抱。
岩井俊乜,看过,力荐,2018-08-03 22:23:58,11,4.5 回忆是枝裕和之前作品，仿佛条条支流绵延，到这部时汇成巨浪袭来，表面留有温情如前作，实则一路黑暗到底不留余地，在最最底层挣扎的人群是与所谓三观道德层面最无涉的，洞见人生社会世事本质的悲观绝望，淡情节、避煽情、弃花样的表现手法，带着微笑彻底死心，由此袭来的优于昔日的震撼力正是基于导演这种对自己精神脉络的继承与转变；谁都半死半生，每个人都在作出根本就没有抉择的抉择，在至暗的夜色里独行，也知远道终须别，试图抓住微弱纤小亮光以支撑存活的意念，如同共枕时确认你当时是否真打算抛弃自己一走了之，如同屋檐下唯一的“全家福”——看不见焰火亦无妨听声音也是一场小小的欢喜；删减内容对正确理解全片有很大影响
bloom,看过,还行,2018-08-03 17:03:44,8,后期是枝拍早期是枝，概念先行，有先天问题。
室内滂沱,看过,力荐,2018-08-04 17:51:23,9,要不是前几部电影分别实验了不一样的东西，是枝裕和也不会像这样能有一天拿出一部集合自己所有特点和优势的电影。于是终于成就了他彻底被国际认可的代表作。看到后三分之一，竟觉得有PTA的既视感，就是后半段无论故事走向还是表现手法，都离之前的主体段落好远好远，造成的深邃感确实是评委喜欢的那种。所有演员都演得棒极了，游走在方法派和体验派之间，相比《步履不停》是更加典型的群戏电影，因为时间是本片唯一的主人公。
LOOK,看过,推荐,2018-06-24 00:18:42,14,3.5 依然非常是枝裕和，但并非他的最佳发挥。《如父如字》的主题激烈化，《无人知晓》的题材黑暗化，但骨子里依然有抹不去的温情流露，结尾“父子”道别最是典型，这一点是与追求极致表达僵化人性中的动物性活力、快意恩仇的今村昌平很大的区别。
vivi,看过,力荐,2018-08-03 08:03:21,10,4.5 2017.8.1过往的每一部是枝裕和揉成一团令我丝毫没有抵抗之力。每个角色都是双向的被偷或偷，在是枝这里是“选择”，偷情、偷物、诱拐，他们在“扭曲的三观”下偷得的时光是如此弥足珍贵、纯真、美好。没有一个坏人，是枝导演一如既往的温柔和细腻，家庭的构建和瓦解，最终可能都浓缩成一声道谢或一个称谓；无言的音节，无花的烟火。安藤樱演技赛高。（是枝的下一部，已经无条件五星了。哎呀一定要趁机表白一下芙芙）2018.8.3 二刷. 这一次认真听配乐，各种小细节都有去有回。脱壳的蝉，努力啊努力，摆脱的这身羁绊、镜头下却脱不去、脱去又如何呢，脱壳后就只有几天生命了。
乔纳森,看过,力荐,2018-08-04 17:26:09,15,灯亮起来的时候，满脸泪水，还有鼻涕，估计把旁边座位的一个小伙子吓到了，他暗暗酝酿了两回，最后忍不住问了一句：“看得很有感触么？”我只好狼狈地跑了。
用户,是否看过,五星评分,评论时间,有用数,评论内容
傻乐的猫,看过,力荐,2018-08-03 20:03:10,8,果然，丢掉那些做作的“温情”后立刻好起来，个人观感是最好的是枝。底层从没拍得这么精准过，善良且无耻的，才是底层啊。
袁长庚,看过,力荐,2018-08-05 19:10:48,16,圆润流畅通透紧密精致。揭露人之恶越来越简单，赞颂人之善难于登天，力透纸背的大师之作。在血缘道德政治经济所无法触及的存在边缘，以绝对勇毅而坦荡之爱求生，听见烟花曾燃起。
shawnj,看过,力荐,2018-08-06 14:07:14,6,全面超越着《无人知晓》，以最大限度回避各种戏剧化的煽情，连一向锋芒毕露的树木希林都走向温和，加上绵密的暗线信息，使影片静如止水，其下则暗潮涌动。池松壮亮和安藤的公公不约而同增加了影片的厚度。导演克制愤怒之余，也不忘用居中反打来致敬小津。安藤樱则前一场松竹，下一场日活，真是宝物！
麻绳,看过,推荐,2018-08-03 19:26:00,14,是枝裕和后劲最大的一部作品，用完全日常化的对白和行动来铺陈人物间情感羁绊，还关照了啃老族、冒领养老金、弹珠房弃童等日本底层社会问题。安藤樱真是个有魔力的演员，长得平平常常，但只要她出现在银幕上，我的视线焦点就片刻不愿离开她，觉得她应该能继《百元之恋》之后，凭借此片再次获得日本电影学院奖最佳女主角。
陈大五,看过,力荐,2018-08-04 19:22:55,13,他们看到了烟花，凝视镜头，凝视我们，此刻烟火有几多灿烂并不可知。但仿佛我们平常安稳的家庭生活对于他们来说都是遥不可及的幻梦。
Doublebitch,看过,推荐,2018-08-01 21:47:00,14,六块破碎的玻璃拼在一起，也是可以透进阳光的吧。
甜鱼拌饭酱,看过,力荐,2018-08-03 07:51:14,13,影片深刻有内涵，悲凉冷漠中又充满希望，非常温馨感人
丁小云,看过,力荐,2018-08-11 12:07:12,9,出于自私阴暗的目的，用真实行动传递给别人一些很温暖的爱。远胜过那些认为自己特无私特高尚、只是有了一点很爱别人的想法就把自己感动得要死要活但从未付诸真实行动去表达爱的人。更是远胜过那些打着“我这样做都是为了你好”的旗号去伤害别人的人。简而言之，如果没有自私的驱动，爱会变成无源之水。
天马星,看过,推荐,2018-06-25 00:26:14,8,上影节压轴，与「冷战」二连击，我的小心脏哟！这次回归社会与家庭题材的是枝裕和依旧犀利，前面埋的伏笔后面一一揭露，且一个比一个戳心。这个故事里，底层老百姓即使像蝼蚁一样活着也要活出一口气，没有血缘关系的陌生人却因为羁绊而组成一个温暖的家庭，没有一句爸爸妈妈，却彼此心知肚明。
ChrisKirk,看过,推荐,2018-08-02 00:28:51,8,儿童是不变的主角，在此更是承担“执行者”角色（这正是强于《如父如子》的关键点），便于用最合理的方式反复质疑家庭（作为空间）的存在，同时不断对感情真伪求证（不局限于语言），甚至以此身份在最后抛出最核心的反转和疑问：家庭（作为生活样本）是否真实？——回到烟花大会，全家人簇拥望向天空（摄像机），像是望穿上帝（屏幕）的人生诘问，是枝裕和用这种“无解”向观众宣告宇宙的不成立（不稳定），即“遗弃”才是谢幕定格，也是必然的概念结束——也正是由此瓦解塑造过的影像气质，是值得褒奖的尝试（颠覆）。经历了这么多次生老病死，才懂得人和人之间的扭结终究不是感情也不是金钱，而仅仅出于“习惯”。
Proustalain,看过,推荐,2018-08-03 23:20:40,14,让我更清楚自己为何更喜欢《无人知晓》，几处差异：《无》的主体是一个过早肩负起家庭责任的早熟少年无人知晓的内心世界（海报也只有他一人），《小》则对准一个集体（从题目到海报都是整个家族），在同样的短篇幅里进行群像式描写，匀摊给每位成员之后整体似乎散了很多；自然而然地，《无》的情节推进是完全随着主角的成长跋涉而成的，犹如伤口渐渐愈合，《小》在后半程引入外界社会力量摧毁了前面的《无》式假象（正如只闻其声的烟火），悄然间分崩离析，好似用一把刀把划拉了个一地纸屑；《无》是对人的情感通往内向的掘地三尺，《小》则不再着重表现人的精神和情感困境（几乎都放在了安藤樱的角色上，因此她的部分也温柔且残酷得令我两度落泪），更多地通往外向表达社会现象。
西帕克,看过,推荐,2018-08-05 11:28:07,9,是枝裕和电影有着扑面而来的各种细节，呈现出一种非常自然的生活气息。他试图靠展示现实中几乎难以存在的“自选家庭”，来质疑传统的亲情和血缘，比一般的温情片确实高了一点。
柏林苍穹下,看过,力荐,2018-08-03 22:04:38,12,不断不舍不离不弃，是为“羁绊”。哪怕你洪水滔天山崩地陷，哪管你社会规范法制国家！
维舟,看过,力荐,2019-02-17 08:41:03,11,非常好。太多细节可回味了。这“一家人”都是与原生家庭脱钩（抛弃或被抛弃）的人物，但最终还是又组成一个家，这意味着“家”对于每个人的生命有着根本的存在论意义（也许对东亚人尤其如此），他们人生的意义、价值和生活的真实感都只能从“家”中获得。值得注意的一点是名字：老奶奶初枝将抛弃自己的儿子儿媳的名字治、信代给了来投奔的一对陌生人，阿治又把自己的名字祥太给了捡来的弃婴，而亚纪在风俗店的艺名纱香取自妹妹，同时又想叫由里纱香，暗示她对妹妹既爱又恨的复杂感情。最可感触的是每人身上的人性之善，以及挣扎着想得到基本的尊严。是枝裕和的驾驭能力不必说了，印象最深的是安藤樱的演技，可说不露痕迹。
小只饭,看过,力荐,2018-05-14 07:15:48,20,从头到尾的掌声 统统献给你
玻璃心,看过,很差,2018-08-31 23:42:12,9,小偷，贫穷都是噱头，本质是贩卖廉价感情的糖水片，和国产的《爱情公寓》干的一样挂羊头卖狗肉的勾当！       虽然考虑到演员演技确实很在线，综合起来应该给三星，但这电影破坏了日本故事片在我心中十几年积累下来的优秀品质，所以必须给一星，以解我心头之恨！       这卑劣的披着文艺片外皮的“偶像片”！(对于神吹演员演技的那帮家伙来说，这就是他们的偶像片)
栗色雪,看过,推荐,2018-05-15 23:57:31,13,#Cannes2018-20 符合日本人越来越多讨论的群居家庭概念，但是视角更加批判与凄凉。小偷家族的成员之间既有浓浓的、烟火气的爱，也有说不清道不明的私欲与贪念。对某种家庭关系的复杂性的探讨，才是是枝裕和最hardcore的东西。还是那么会拍吃之欲望。安藤樱举重若轻，演技炸裂。
朱马查,看过,还行,2018-08-02 00:56:09,6,3.5其实观感蛮好但又总觉不够，可不经意咂摸出来的残酷冷峻的生死，羁绊和放手，淡漠和晦暗，真是让人佩服，想起喜欢的导演的早期作品，但又能够这么圆融自然地把这些融入这样一个故事里，不拍上三十年真的不可以啊。
加肥猫,看过,力荐,2018-08-06 16:27:03,10,去看《小偷家族》，没留意居然是配音版，看到三分之一，忍无可忍，中途退场。配音糟心到什么程度？相当于饭里拌屎。为什么？这个年代了，还要有可怕的不说人话的配音腔？哦，见鬼，看在上帝的份上，我居然要受这种折磨？我真想用靴子狠狠配音演员的屁股！我发誓我真的会这样做！
汪金卫,看过,推荐,2018-06-26 23:32:36,11,【上海电影节展映】没有韩国片的煽情，没有国产片的卖惨，更没有日本片的中二。反高潮反套路反戏剧。只有短暂的温暖，长久的分别。最感人的话语，反而是无声的唇语；最绚丽的烟花，可惜无法看到；最想听的表白，却无法当面说出。在机缘安排下，他们生活在同一片屋檐下，有相濡以沫的真情，也有贪图利益的私心。导演是否将重点放在揭露往事真相的残酷？非也。关怀与温暖并非逢场作戏，而是真情流露。无血缘父母的关怀呵护，远胜于亲爹娘可怕的冷漠暴力。片尾女孩望向阳台外欲言又止，是给观众最后的希望。三星半
用户,是否看过,五星评分,评论时间,有用数,评论内容
服部平次,看过,推荐,2018-08-03 21:24:09,10,特别温暖，特别悲情的片子，命运残酷但还有希望，喜欢这种家庭片。
CharlesChou,看过,力荐,2018-06-23 15:53:07,10,震撼不是因为后面的反转，而是觉得居然还能看见《幻之光》和《无人知晓》时期的是枝裕和。
阿子-,看过,力荐,2018-08-01 21:27:52,6,是枝宇宙被串起来了，非常喜欢。在p大百讲看的，几乎坐满了人，结束之后大家一起鼓掌。同去的朋友也是当妈的人，《小黑鱼》一出来都会心地笑了……李欧·利奥尼的出版商不赶紧跟上么？电影和这个故事其实高度互文
南悠一,看过,推荐,2018-05-14 17:11:19,15,刚看时很难看进去，似乎少了以前那种密密缝织出来的情感，人物关系始终有一种隔膜存在，温情透着冷漠。然而到了后半段，铺就的戏剧冲突出来以后，尤其在安藤樱奉献出几场惊艳表演后，便是另一种观感了，这种反差是戏剧结构之在，并把矛头指向既有秩序。题外，日本人对待死亡的观念让我产生好奇。3.5
贝塔先生,看过,,2018-08-03 22:31:31,6,心情不好，没怎么看进去电影。
RUNE,看过,还行,2018-08-03 12:43:33,10,看过最淡的一部是枝裕和电影
海带岛,看过,推荐,2018-07-31 21:02:07,13,看之前期待也不高，因为是枝现在的问题域不太是我的问题域 ，“后核心家庭”和“创伤后共同体” ，视觉也非我取向，所以本来就不会成为我所“喜爱”的那种导演。但这片子是他近年最佳，关于这个问题的总结，剧本节奏、台词细节、思考深度，甚至连演员的表演都很好，也收敛了之前情绪处理上的滥情。
丸内虐待狂,看过,力荐,2018-08-02 02:18:46,5,冷酷人间的刹那乌托邦
Whackamole,看过,推荐,2018-07-01 00:47:54,8,《小偷家族》果然甩《燃烧》好几个正常水平的科长。唯一不足的是结尾略拖沓，似乎没平衡好 1）讲尽故事和 2）酝酿情感 这两方面。
阿暖,看过,力荐,2018-06-22 23:02:24,11,主角一家不仅道德观完全暧昧不清，而且他们是自私的，他们的爱是会伤害到别人的。但这就是他们可以付出的全部的爱了。这个家庭最后其实是解体了，包括介入第三者的视角，世外桃源突然瓦解，真相是很冷峻的。但安藤樱最后又把那种家的感觉拉回来了，演得真好啊，看到她就很想哭。
一起吃地瓜,看过,力荐,2018-08-06 10:42:35,10,就喜欢这种家庭剧，这种感觉，对感情的描述很细腻，很治愈。
Hushnore,看过,力荐,2018-08-06 00:10:29,5,舒拉米斯·费尔斯通《性的辩证法》：志愿家庭取代传统家庭，家庭成员不通过生物学意义上的基因而联系，而是通过友谊的原因、或仅仅因为方便而互相选择彼此。
基瑞尔,看过,推荐,2018-06-25 11:11:37,12,不声不响的社会事件触及--拒绝为阶级分化“买单”，为老年保障、底层人群发声。中途的转折对不熟悉故事背景的观众会更有冲击感。信代说着“别人不要了那不叫拐”；亚纪对着屏幕没有灵魂的摆动着身躯；玲玲喜欢面筋于是下次就再拿一袋...凌乱的生活下也有悲哀美好的瞬间。演祥太的小演员城桧吏最惊艳。
默语生,看过,力荐,2018-08-03 23:01:27,10,牛逼极了。编剧如入化境，基本没有一句多余台词，表面上似乎松松垮垮的情节和对白信息量极大，也让观影回味非常久远。所有人演技都在线的戏看起来真的是太舒服了。不过确实挑观众，看电影不动脑子或总走神的话，大概率没法抓住所有细节。结尾逆转有力，但也有强行点破关节的嫌疑。五星。
大头绿豆,看过,力荐,2018-08-22 12:06:46,15,摆在商店里的东西不属于任何人；偷不到的可乐饼怎样才最好吃。她不是我的妹妹；以后别再让你妹妹做这个了。聊天室里无法言说的拥抱啊，像烧着的毛衣一样温暖。在屋檐下一起仰望屏幕之外的烟花，在海滩上一个人掩埋腿上的老人斑。请过我喝红牛的人也是那个要出卖我的人，听过我心事的人其实还拿着我爸妈的钱呢。把掉下来的乳牙丢上房顶，把死去的老太婆埋在地里。妈妈给你买裙子哦；生下孩子就自然成为母亲了吗。这两个孩子是怎么称呼你的呢？叫完那句无声的爸爸然后掉头离去吧。
sean cheung,看过,推荐,2018-06-16 19:26:29,7,肯定不完美，至少那個叫爸爸的伏線太刻意了。也算他的佳作，跟在第三度之後肯定還是高下立現，正常發揮。鑑於人物多了不少，且大部分是可控的，有演技的大明星，我會更喜歡《無人知曉》，這部戲對是枝來說太簡單了。
黑狗成,看过,力荐,2018-08-02 12:06:51,8,拍低下层纪录片出道，偶像是肯洛奇的是枝裕和，建议上海市给他在内环买房，最好能出任个什么电影学院院长，可以让同为院长的小贾去旁听，反正他也是旁听生出道，他现在已经连故事都不会讲了。
蒜 | BOY A✎,看过,力荐,2018-08-02 14:51:04,6,一部融汇是枝裕和系列电影的集大成之作，几乎有他所有作品的影子。这次主题更具野心，一群超亲缘的社会边缘化家庭组合，不同演员的组合，以及被隐匿的人物过往和秘密，有生命中所有不被言说的痛楚和羁绊，一一被抚平，最后回归到社会角度重新审视家庭和爱的意义，手法继续细腻动人，简直堪称完美。
red.,看过,还行,2018-05-21 06:00:43,10,很具有现代性的探讨，家人的定义。对白不停点题，让演员直接说出来有些话这个方法是否好呢？H君用这部电影点到了日本社会很多现象，但却没有一个讲清楚了，又或者这些真的已经被讲太多了？所以他另辟蹊径，就是要探究家人/亲子。镜头和剧情推进大部分时候都还是挺电视剧，特别是在拍小孩的时候。
viennavirus,看过,推荐,2018-08-04 23:28:29,6,还是很是枝裕和，但不喜欢有些太故事或者说符号化的地方，看似每一笔都是人间烟火，贴近前去却闻不到人间的味道。
用户,是否看过,五星评分,评论时间,有用数,评论内容
诸葛若见,看过,力荐,2018-06-23 16:59:14,9,没有炫技，而是平静叙事，看似轻松的基调诠释残酷的社会主题。萍水相逢的边缘人群，相依为命。原生家庭给不了他们足够的爱，而特殊家庭的特殊亲情，没有血缘关系，却产生羁绊，情深义重。抱团取暖，只有彼此是唯一依靠。盗亦有道，温情打动人心。
西西,看过,力荐,2018-08-03 22:45:27,14,是枝裕和对「家庭」的另一种诠释，毫无血缘关系的六个人组成的家庭，但并不妨碍哥哥声东击西去救妹妹，沉默的父亲教会了儿子青春期，没有生过孩子却更明白母亲的意义，被丈夫抛弃仍然可以儿孙满堂，这个家里的每个人都在书写全新意义下的亲情，这个家庭看起来别扭又奇怪，他们之间的爱无关供养、责任、牺牲、道德，所以也看不到普通家庭的管教、控制和从属关系，每个家庭成员都爱得纯粹，所以温暖。
安德烈大叔,看过,力荐,2018-08-07 20:52:09,15,始终关注的是个体与个体之间的羁绊，点到即止却深入情感肌理，大师的叙事手笔。社会问题只是个缄默的关照，并无多言，但影像的文学性却震耳欲聋。银幕里扑面而来日常生活气息让人感到熟悉亲近，可当走出影院那刻，再回味感到的却是现实的陌生和疏离，这便是现代社会逐渐失去的东西，无法不让人去思索，这就是所说的后劲吧。是枝裕和是温柔的，当然也是日本电影最坚硬的脊梁。【年度最佳】
宋乐天,看过,推荐,2018-08-06 15:21:16,13,3.5 雕琢太过啊
兽与面具,看过,推荐,2018-08-03 11:50:33,7,很不错，值得一看！
加百利,看过,较差,2018-08-09 13:03:22,8,这个家庭的和睦温馨像泡沫一样脆弱，一个结构复杂悖于伦理的家庭遇到更大的矛盾只会迅速坍塌众叛亲离，所谓爱和羁绊刻意又虚假。叙事紊乱故事不完整，无法共鸣。左派的温情太可怕了，我拒绝被洗脑，是枝裕和这一部真的无法让我共鸣
张小强,看过,力荐,2018-08-05 12:14:29,9,打是亲骂是爱是扯淡，爱你的人会抱着你
張子易,看过,推荐,2018-05-14 20:29:41,7,惊喜导演年近中年仍有尝试突破的野心，在片型、镜头语言、人物关系上，都比以前更大格局、更细腻精准了。喜欢片中爱与恨一体两面的浓烈情绪，融在一贯的是枝裕和式表达里，特别解腻。希望在Cannes有所斩获，好看的。
晚不安,看过,力荐,2018-08-03 19:01:23,8,像是《无人知晓》和《第三度嫌疑人》的混合体，是枝裕和用这部新代表作完全消弭了观众的道德评判，不着痕迹地将对家庭和社会题材电影的探索推上新高度。他发掘的是人们内心根深蒂固却熟视无睹的东西，是干瘪的新闻事件背后无比残酷又无比温暖的人性世界。能用如此沉静日常的口吻叙说生命中的悲喜，是因为看待生活的眼光没有掺杂丝毫的猎奇。这种无需解释又毫无保留的爱，不正是我们凡人苦心追寻的真情吗？
康报虹,看过,推荐,2018-08-04 00:02:03,13,门廊外看不到烟花绽放，海浪中听不见无声告白，破屋顶承不住暴雨倾泻，旧伤疤敌不过往事凶猛。
睡觉是头等大事,看过,力荐,2018-08-02 00:16:00,9,边缘人苟活于世，遗忘民无人知晓。底层聚在一起，偷得那一抹温暖。没人可以选择自己的出身，抑或没人不想拥有家的温暖。“所有的孩子都需要母亲”，前提是所有的父母要想清楚能给孩子带来什么。我无意赞颂偷窃，但假如没有团聚屋檐下那一晚烟火那样的温馨，那成不成家或许不那么重要了。这各种缘源混合而来的家族让我想起了《东京教父》那三人，和那最后一抹夕阳。感谢【豆瓣X盗梦】上海观影团组织的免费观影！8.7
文森特九六,看过,还行,2018-08-03 16:00:00,8,随着影像质感被逐渐磨平，我们将期待寄托于岁月在是枝身上留下的沉淀，然而随着一年一度的相会，更多展现在银幕上的却是一次次对旧滋味的反复咀嚼，高频的创作或许阻断了同寻常生活的深切交流，重拾过往，些许变奏，方便了自己，安抚了观众，亦尝试着跳过时间的打磨寻求捷径（他甚至在17年拥抱了类型），对影迷而言，也宽慰为“善意的取巧”，片尾依托于“反转”这一戏剧手段所实现的感动，不是我想在是枝这里得到的，此乃两个小时的领悟，而非一生，希望他的拍摄能够慢下来。
柴斯卡,看过,,2018-08-12 01:12:05,8,对于大量表示这是反应底层人民良善的温情片的影评表示十分不解 感觉这更多是日本版三和大神与社会、机关等等悄无声息的对抗 放在商店里的东西不属于任何人 要摆脱现代生活的一切桎梏 在繁华都市中建造世外桃源 导演用各种温情台词与细节去试图说明他们的生活也是体面的 但是叙事语气又过于文化人式精致 只能用一些过猛的细节去凑 才使得影片难以令观众共情
蔻姨,看过,还行,2018-05-14 16:51:23,8,为了凸显我对是知先生以前作品的喜爱，对这部我只能打三星。
大海里的针,看过,推荐,2018-08-01 22:03:56,8,破旧平房里的日子虽然温馨，终究是一场要醒来的梦。
小猪大侠,看过,推荐,2018-08-04 16:04:23,6,安藤樱太带戏了。前四分之三都很棒。那场看不到的烟花是我今年目前为止的最佳时刻。
艾小柯,看过,力荐,2019-05-02 23:24:07,5,这是是枝裕和最擅长的社会视角，诙谐平静中蕴藏绵长的视觉之火，余味中熊熊燃起，照亮影片中的每个细节，照进人心最幽微处的璀璨星光，照出太平盛世里冷酷社会暗疾。久久不能平静，复杂与童真并行，美丽与丑陋共生。这是真的“看见”，是电影眼的最迷人时刻。
野生的皮皮鲁,看过,推荐,2018-08-03 07:49:43,8,情节非常感人，立意深刻，即便是没有血缘关系但会有人爱你。
余小岛,看过,力荐,2018-06-23 16:24:28,9,第二遍看完，改成五星。有太多一闪而过的细节在第二遍看得到了印证。现在想想是枝裕和能够在120分钟内把这个故事讲得如此深如此透，埋了如此多隐人深思的伏笔，还真是不容易，用最少的素材讲了最复杂的故事，镜头利用率太高了，就像润物无声的春雨，没有一滴是被浪费的，也没有一个镜头是被浪费的。
(*^ω^*),看过,推荐,2018-08-03 15:19:48,7,很温情细腻，人生虽然悲凉但总还有希望，喜欢这种叙事节奏。
用户,是否看过,五星评分,评论时间,有用数,评论内容
Woodring,看过,,2018-08-08 17:27:11,4,敍事結構問題不小，尤其是最後十來分鐘的收綫，感覺拍家庭方面太得心應手了，然後就收不回來了~第一感覺是個如父如子的尖銳升級版，不過人性的描寫還是複雜很多的，是枝是個溫柔但冷靜的人~不過我還是覺得被大家唾棄的三度目殺人更好，也更好看。。。
泽帆,看过,推荐,2018-08-04 22:30:29,9,真正的悲伤都在隐去的情节里面，而露出的故事都是轻松愉悦的。形成一座很好的稳固的冰山。隐忍得好，自然的不流露，如同女主角面对镜头用手不断擦泪。省略得好，让人沿着答案去推理和想象，如同里面的烟花，不拍出来，反而显出一种反面之美。
🐈,看过,还行,2018-08-03 19:23:02,6,心甘情愿被拖累是羁绊，羁绊也挺重要的吧
浮生若夢,看过,力荐,2018-08-05 14:01:31,6,泪流满面。是枝裕和的家族宇宙最后一部：家族的崩坏。编剧技巧极其高明，电影手法又极为克制，并在克制背后隐藏了更多的信息和互文。比如树里对妈妈的记忆，奶奶与亚纪的对话（鼻梁），信代来历的介绍，翔太躲在柜子里的原因等等。细节的铺垫与呼应及电影节奏的把握非常高明，整体看下来几乎没有一丝迟滞与异样感，就使得观众从前半程的静水流深过渡到后半程的惊涛骇浪。在深层文本上，探讨了家族的意义：是否血缘才是维系家族的纽带？是否家族中伦理与纲常要建立在父母子女这类关系上？社会结构论中将家庭认为做基本单位的观点以及儒家文化中以血亲为纽带的伦理观在这里被是枝裕和完全唾弃与嘲讽，从某种角度动摇了亚洲文化中社会稳定性的根基，思考了人与群体相互依存的根源。是枝宇宙：如父如子里的父子关系（中川雅也）、海街日记里的奶奶与漂亮小姐
yuehuanyu,看过,还行,2018-06-19 22:42:47,3,有那么好吗？没拍完一样
张苑希,看过,推荐,2018-08-03 19:22:22,7,1.柴田家的日常还可以再接着看上个580遍；2.安藤樱俯首抹泪那一段实力诠释什么是演技炸弹；3.非正常家庭关系造就不一样的伦理温情；4.是枝总能把老生常谈的家庭题材拍出别样风采；5.大荧幕上看如此色气的mayu真是令人心动（痴汉脸~）
膠片時代,看过,较差,2018-09-01 20:37:33,14,就来看看有没有差评，反正我是欣赏不来。。。演员接近生活的装扮和真实的演技加一星，剧情可快急死我了，你确定别人说好的片子就一定适合自己吗？我这种低段位的还是去看点噼里啪啦的爽片吧
Dracooooo🙇🏻,看过,力荐,2018-05-14 06:48:04,15,不是轰轰烈烈的煽情，而是真正震颤着心灵的感动
张晚禾,看过,还行,2018-08-01 23:23:11,3,是枝裕和电影的情绪门槛还是低，相比于过去有几部的温吞水，这部明显尖锐一些。但还是坚定地认为《燃烧》“一意孤行”的高贵赢了迎合大众化审美诉求的《小偷》
城南草木生,看过,还行,2018-08-08 21:44:32,6,导演是不是不行了，纯靠安藤樱那场戏撑着，好一般
Ou,看过,较差,2018-07-31 20:22:12,4,这部影片面临一个巨大的理论困境，即职业演员被拼凑成一个家庭去演拼凑的家庭，而后被机构/摄影机揭露后，基本上已经无戏可演了，尤以年轻女孩的自问为甚。小孩仍有可观之处，因为小孩不一定全然自觉。
李九弟,看过,力荐,2018-08-03 23:08:48,10,血缘是一种定义，而爱是一种感知。“如果他爱你，就会像我这么抱着你。”最后我们都像是来自一个源头的流水，奔向各自的海洋。请永远记住，“欢迎回‘家’。”
kulilin,看过,推荐,2018-07-25 19:18:08,5,禁不住又思考起与小津的差距
JOJOORC/Z,看过,推荐,2018-08-05 12:10:49,5,结尾沉住了。安藤樱真好。
12,看过,还行,2018-08-04 14:52:11,4,对小孩子表演的激发与捕捉有《奇迹》与《无人知晓》的天然恰到好处；大人演员演技的确爆棚，而这种卖力的表演稍显俗套。片子整体太满太多，表演、摄影、道具，有一种争抢的感觉。即使音乐飘在现实之上的轻补救了很多。喜欢结尾，展示了导演的成熟和清晰。这两年的新片，我是更喜欢《第三度嫌疑人》。
嘚嘚嘚嘚嘚,看过,力荐,2018-06-23 23:33:41,13,这是一个不断发问的电影：能坚持下去吗？靠什么连接在一起？穿吊带裙，一会不会被打吗？没有血缘关系不是更好？生下孩子就自然成为母亲了吗？整个影片用一种缺失的形式在做应答：如那一夜烟火，只得闻其声；如那句对空气说的“谢谢你们了”、“爸爸”。缺失了的东西，都有非一般的替代物。
更深的白色,看过,推荐,2018-07-02 00:54:01,4,用“非血缘关系的亲情”作为切入点，“一家人”的温情脉脉与瓦解，完成了对“亲情”这个话题探讨的二律背反，新角度新层次。
迷特波鲁,看过,力荐,2018-08-03 11:59:58,19,（包场看的，太爽）无声的谢谢你们和爸爸泪点之一，末了“妈妈”一分钟的哭戏太精彩了！！想把是枝裕和的全部一起都再看一遍
小斑,看过,力荐,2018-08-08 01:17:13,4,“人间羁绊之源”可以是罪恶可以是误会可以是错觉，但在是枝裕和的世界里，绝对不是血缘。人与人的关系，父母子女，真有自然而然的么？这是导演作品中最古怪的家庭，也最为鲜活激烈。他们所处的阶层所作的申诉，不仅是对“理所当然”的人伦的挞问，也是对社会既有构成与秩序的反叛。还是流动的四季还是平淡的生活，从奶奶去世开始，是枝裕和终于蜕掉了温和的壳，在安藤樱的正面特写中鸣叫出声。
爱屯最可爱,看过,推荐,2018-08-03 14:07:20,1,昨晚朋友分手，三点才睡，今早有课，七点就起，导致我很困……
